<application>
  <component name="ExportableFileTemplateSettings">
    <default_templates>
      <template name="UI Feature.kt" file-name="${NAME}UiModule" reformat="true" live-template-enabled="false">
        <template name="UI Feature.kt.child.0.kt" file-name="${NAME}UiState" reformat="true" live-template-enabled="false" />
        <template name="UI Feature.kt.child.1.kt" file-name="${NAME}Route" reformat="true" live-template-enabled="false" />
        <template name="UI Feature.kt.child.2.kt" file-name="${NAME}ViewModel" reformat="true" live-template-enabled="false" />
        <template name="UI Feature.kt.child.3.kt" file-name="${NAME}Screen" reformat="true" live-template-enabled="false" />
        <template name="UI Feature.kt.child.4.kt" file-name="${NAME}UiEvent" reformat="true" live-template-enabled="false" />
      </template>
      <template name="UI Feature.kt.child.0.kt" file-name="${NAME}UiState" reformat="true" live-template-enabled="false" />
      <template name="UI Feature.kt.child.1.kt" file-name="${NAME}Route" reformat="true" live-template-enabled="false" />
      <template name="UI Feature.kt.child.2.kt" file-name="${NAME}ViewModel" reformat="true" live-template-enabled="false" />
      <template name="UI Feature.kt.child.3.kt" file-name="${NAME}Screen" reformat="true" live-template-enabled="false" />
      <template name="UI Feature.kt.child.4.kt" file-name="${NAME}UiEvent" reformat="true" live-template-enabled="false" />
    </default_templates>
  </component>
</application>